ID,source_attractiveness
0,0.5284416960792159
1,0.0211431778985417
2,0.6321006881570955
3,0.6026197071924689
4,0.3436737702829179
5,0.15902989589838412
6,0.15645999045763148
7,0.028755582370419697
8,0.24832435793761454
9,0.08919667466712855
10,0.04852788899021676
11,0.3283747593165609
12,-0.08274332780536364
13,-0.07896564740618905
14,0.15470092841764194
15,0.07483811849634969
16,0.07462037971072366
17,-0.026629322704519065
18,0.3076850045630135
19,-0.010651397040904398
20,0.18462708503796743
21,0.25422071005878155
22,0.20748915859270245
23,0.39022553159451123
24,0.22877579324812836
25,0.3394210134595531
26,0.4507834262874205
27,0.11343530489958276
28,0.11728872887359942
29,0.22355347886078558
30,0.32032604027102973
31,-0.18351714192915747
32,0.04301663309245635
33,0.08170146410765411
34,0.12700924533118163
35,0.6116233259241916
36,0.07950881967087653
37,-0.1454432701880991
38,0.4346131480285793
39,-0.10495747160218316
40,0.651153172079037
41,0.29639710755736637
42,-0.1041252371715724
43,-0.0016463196494978516
44,0.2617641687712523
45,-0.10034948579129876
46,0.004458735443931494
47,0.0882871876873047
48,0.032854035557696726
49,-0.12699647434861966
50,0.3051133045858826
51,0.06977691637918049
52,0.35265059264645904
53,-0.03749173753573898
54,0.41000066250575273
55,0.21554201833151332
56,0.2501971644979549
57,0.24456258805101638
58,0.04212496580044195
59,0.09948732545310679
60,0.13214939952581883
61,0.1540911923523951
62,0.1707964067445814
63,0.18502970490624204
64,0.1489226464778729
65,0.15456273124445197
66,-0.0015377117032802645
67,0.1329162390270584
68,0.23857306537768497
69,0.1617858869173887
70,0.1497793710163673
71,0.04849643071781218
72,0.04642848621583878
73,0.06810520231975614
74,-0.050999482620142866
75,-0.03392448730135328
76,-0.1287088859161732
77,0.15114212637280156
78,0.06749924788936701
79,0.23367793562514128
80,0.02684927083538563
81,0.2231246512588051
82,0.29312085451753955
83,0.22017572297437416
84,0.05876775124420036
85,0.05888825067005021
86,1.1402298562118376
87,0.33284319742522916
88,-0.0879244097225329
89,0.11277870712029325
90,0.36704114431548784
91,0.0672766647182027
92,1.0844627983635737
93,0.28080237371468075
94,0.2953260746884143
95,0.09122961583101385
96,0.24588412657695902
97,0.13721872159026094
98,0.1616429285260762
99,0.4033543846695604
100,0.31646346045517804
101,-0.14261412247264044
102,0.11067438904207993
103,0.02832730078825385
104,-0.04139692902077691
105,0.03852002842435276
106,0.19968936418198868
107,0.09034060647988118
108,0.1355384944357021
109,0.13751867414274033
110,0.19561611815999125
111,0.20489401980925825
112,0.34516661933126025
113,0.47242641894644266
114,0.20847222795253817
115,0.7228509813997485
116,0.20991466712027285
117,0.14712737886504712
118,0.8756089323337352
119,-0.0968693638191746
120,0.174600390088527
121,0.1742818843093673
122,0.3530661461052522
123,0.4747216238979687
124,-0.050089722825219396
125,0.12702641305068674
126,0.18982105180494158
127,0.07233991664741157
128,0.25611728119025856
129,0.2707953036875186
130,0.11786294372739303
131,0.16860770341788422
132,0.17299699340837715
133,-0.059291508749337085
134,-0.043228635810114435
135,0.2885918683015709
136,0.28272291288009077
137,-0.02807684661629417
138,0.034405122558183565
139,0.1059438186466638
140,0.1504488055538853
141,0.10438868203275098
142,-0.11421403588497481
143,0.19281275065639825
144,0.20405054013677504
145,-0.07669966025108488
146,0.18348726746978583
147,0.12139573784956204
148,0.04749577669872129
149,0.03963844993142479
150,0.432927183641871
151,0.02978190825132887
152,0.17428052955558992
153,-0.08657172050996087
154,0.21323765472107858
155,0.14301253162633853
156,0.47639656407008135
157,0.6564216163583826
158,0.13486202819504867
159,0.18635995449837295
160,0.44820159131319104
161,-0.08887192206959593
162,-0.07750412925915329
163,-0.02602791641361457
164,0.47475098162470564
165,-0.040890195997800194
166,-0.06258748203991193
167,0.24254265521980112
168,-0.03145952290919152
169,-0.041342860494353095
170,0.11825722779051817
171,0.5518911884182104
172,0.05755670073100999
173,0.22005476294874027
174,0.062161773467480974
175,0.034564703651674966
176,0.08238497515575405
177,0.24099596326401618
178,0.19774305377871693
179,0.4792138762420376
180,0.30396371251912824
181,-0.06988218120945022
182,0.10492352091629897
183,0.019385932286097085
184,0.07289025223875811
185,0.1851804935753888
186,0.429550556915512
187,0.1647581895740725
188,0.1220129523988035
189,0.03556567308170022
190,0.14114456487902904
191,0.0867845920292577
192,0.111784567316077
193,-0.10991653503234872
194,0.13063727595644903
195,-0.10668793092750661
196,0.15358110054153407
197,0.1018100512843586
198,0.12938624167980095
199,-0.022857096404943156
200,0.3466948509892277
201,0.40751302256292365
202,0.26769986302363835
203,0.6191341933326368
204,0.3766831647602342
205,0.20253379418848416
206,0.30853652314176017
207,0.3137639383977402
208,0.039223735052374364
209,0.2640105123579617
210,0.027183375127365128
211,0.25293374721168094
212,0.06478746615627895
213,0.2391206444732622
214,0.1249057970683548
215,0.17775635476665663
216,0.14750200278351233
217,0.236069924379945
218,-0.057855300981548674
219,0.17929629871560226
220,0.037377043013396394
221,0.21797907630938373
222,0.31494696794984345
223,-0.016858407190477376
224,0.08774429296129649
225,0.2579073222415448
226,0.17266794663017038
227,0.16523680165799104
228,0.27882741944721656
229,-0.14097022087192684
230,0.012025038671847399
231,0.11429800688594305
232,0.14393355967350507
233,-0.021893489529262622
234,0.15071213486613433
235,0.3158236268977739
236,0.1795901035188321
237,0.23948740129622426
238,-0.006825528886396648
239,0.09804634657875722
240,0.18207037245718893
241,0.23891170485036684
242,-0.12297002911731209
243,0.31148768418988027
244,0.17667694673162493
245,-0.14477857159734603
246,0.3827515376256271
247,0.20008557353908774
248,0.016080078046269375
249,-0.13636928001139248
250,0.14656187366301465
251,0.7352948412453023
252,0.19077966347480835
253,0.8877746367658433
254,0.1924226286102727
255,0.08034890646193638
256,0.03913015602970987
257,0.004969544178766883
258,0.14861013083937824
259,-0.027786967335415746
260,0.23894081053328264
261,0.09992266465259791
262,0.39257142954855906
263,0.252434419260695
264,0.21929284036597407
265,0.30957971385276895
266,-0.06760590139466371
267,0.1807010747886063
268,-0.013647192319288681
269,0.6293297988875451
270,0.1618885187989948
271,0.12165484875714905
272,1.00834776248929
273,0.08412025060466666
274,0.10032350147207358
275,0.14569612433638934
276,0.362152887625511
277,0.20732368935201173
278,0.24013834237003917
279,0.1440591817076493
280,-0.006301085532936512
281,0.11986448789694959
282,0.09151254823361665
283,0.31986218555413426
284,-0.0034649447036239622
285,0.20770411730512905
286,0.17475121539633198
287,0.049699094181970827
288,0.10798641263157382
289,0.27698661481673137
290,-0.014200532967499513
291,0.554863629809248
292,-0.04294416530928613
293,0.3154205835959176
294,0.2302217484053647
295,0.18315905167590285
296,0.014635426364010218
297,0.21596007250619154
298,0.7789332646893999
299,0.19057171907411985
300,0.2716929551521605
301,0.945186569964087
302,0.17658112884068677
303,0.15694528074999314
304,0.17602045604912464
305,0.295698580427892
306,0.1997725930887312
307,0.20262362995028482
308,0.29703027568484375
309,0.016967887932566927
310,-0.1137032552895586
311,0.17061834485336058
312,0.2069955771157198
313,0.12170598703720692
314,0.27775494035052406
315,0.2620282651881515
316,0.22277960822002474
317,0.7018729985414408
318,0.2083546160138222
319,0.08961686200150654
320,0.01407355110194397
321,0.1060021840733234
322,0.03461438794184846
323,0.21698319251810627
324,0.20062077000203704
325,0.23003815243176284
326,-0.05765124586670811
327,0.18449024133719705
328,-0.03875396937049336
329,0.20176150550987015
330,0.7978367915912002
331,0.08080229909032544
332,0.3537568290185171
333,0.08897064927341436
334,-0.06898575467017648
335,-0.10070891720022712
336,-0.20292341350686566
337,0.147941487273906
338,0.0671208196555042
339,0.0656310173157646
340,0.8415322946426703
341,-0.19962759437701877
342,0.31716889573010176
343,0.09107881123643635
344,0.09537768751663434
345,-0.10676317191112727
346,0.3845653321419421
347,-0.12152792618214298
348,0.23420898895275466
349,0.3860105869117785
350,0.12485439230183515
351,0.5036864329359063
352,-0.10668083523227595
353,0.16451845938112097
354,0.16448820346024706
355,0.10085739493493995
356,0.14920744135315667
357,-0.00458629028781854
358,-0.05636366937291304
359,0.08806996093053443
360,0.0980496857217662
361,0.2044887601459643
362,0.29956550903279866
363,0.14605428642261653
364,0.16196795642170647
365,0.1774437973715972
366,-0.07287959384395071
367,-0.005622953771930783
368,-0.08233219039922485
369,0.08678324540324023
370,0.13632100948777426
371,0.5099137358230006
372,0.06646490698490504
373,0.2061447032761866
374,0.09781698277546924
375,0.43164908005232905
376,0.0741674179466878
377,0.164101637883867
378,0.0319292372800935
379,-0.03604965791969539
380,0.12159433382721052
381,0.011988946010861756
382,0.28908414794129955
383,0.16740894430886133
384,0.6967998210356033
385,0.21840406785888644
386,0.20866904789256446
387,0.0688788392464923
388,0.11460157798872372
389,0.04652350773946945
390,0.5244610692305228
391,1.0207093434148065
392,1.0836221419082812
393,0.1588960135085432
394,0.14217774985879228
395,0.19996875930665448
396,0.5691742316361167
397,0.25387565238092913
398,0.1116070600201825
399,-0.36145913123118273
400,0.5929888384287115
401,-0.09488593887481223
402,0.08804660536131237
403,-0.14812834591914503
404,0.13433114740193253
405,0.1538268483861257
406,0.005989767513148503
407,-0.014903178170327769
408,0.00925928561058964
409,0.00626335139694284
410,-0.0746628143106467
411,0.16587986461125948
412,-0.11957266485069395
413,0.2449476567646489
414,0.7345650086199312
415,0.08922001637540966
416,0.0384179102457774
417,0.9071354372581356
418,0.04513363964218131
419,-0.06522068083220395
420,-0.09442816582109592
421,-0.09962572497042071
422,0.2158746801253365
423,0.05752805981153786
424,-0.08571732592798781
425,-0.031387631770809776
426,0.34877870043789316
427,0.16422050188967274
428,0.06770579748348637
429,0.0986853141601779
430,0.30654186667676064
431,0.006360713173092947
432,0.21941223521435826
433,0.15058233417581013
434,-0.008026330963027906
435,0.15994776005300737
436,0.055127966016472185
437,0.12228147424565083
438,-0.13110831898271785
439,-0.05885409910695116
440,0.3198570938855049
441,0.1586303969416607
442,0.05620804483829184
443,0.1113841910783755
444,0.584412931575173
445,0.2724475346343703
446,0.41446927690153357
447,0.010531455783146015
448,-0.06590572937687544
449,0.37922055329112014
450,0.09429665784367591
451,0.7905463326424264
452,0.09414705944851176
453,0.088051345016955
454,0.08911883235187978
455,0.6230318881984337
456,0.05623834915214865
457,0.23431848570616032
458,0.21255633553302578
459,0.0006369212586629924
460,-0.007509262374579828
461,0.26451238657236387
462,0.05804039332811972
463,0.10922884449334203
464,0.023353061085468974
465,-0.04615334240918978
466,0.5577370472629722
467,0.2005558346694285
468,0.5261614414426182
469,0.053411810516706015
470,-0.06592768469943333
471,0.20600809646799378
472,0.23729731779610386
473,0.1340864339330261
474,0.10842867414320079
475,0.03542053631974679
476,0.15472376918992692
477,0.27563108798415625
478,0.6517890350893941
479,0.008843712552198346
480,0.3098406828330066
481,0.2636015100036321
482,0.1836921107318582
483,-0.1809984318298542
484,0.33236016758352227
485,0.21032893382112616
486,0.14132217268668767
487,0.16113699853760477
488,0.11380804582632187
489,0.13793634606102745
490,0.04231866478559859
491,0.13635930266788654
492,0.18773135231649285
493,0.23054657161308134
494,0.24622794216197152
495,0.8205995024920566
496,0.6976389910082089
497,0.099814330462901
498,0.28669138137640304
499,0.7389946953579213
500,0.12463639904404378
501,-0.06847137146742499
502,0.009124732337222441
503,0.2320312757906723
504,0.3354606128201034
505,0.025655278971927986
506,0.590357015014262
507,-0.06360776971558035
508,0.17185909790710774
509,0.25021931530354613
510,0.36039678318185997
511,0.07333647467001703
512,0.18396034138666129
513,0.17154370449417122
514,0.04126059521452924
515,0.18694006290946696
516,-0.006891542578147669
517,0.13020414848215145
518,0.22494030496655093
519,0.20069548197130427
520,0.6373457178309804
521,0.13215086806255083
522,0.26324625546882474
523,0.18421089065207963
524,0.2549570059448377
525,0.15493207552359345
526,0.05651043351254503
527,0.16621337698685001
528,0.1545524487858777
529,0.15124070358368447
530,0.11495041285965879
531,0.08462708052846557
532,-0.024758010240265693
533,0.036544532395298424
534,0.14548636801035708
535,0.16964009110337996
536,0.0538977217143613
537,0.31688505271547174
538,-0.06612711975957952
539,0.18388664592185522
540,0.18378360099043922
541,0.08827358786376183
542,0.12936657537772722
543,0.11082260698462965
544,0.3799386432392753
545,0.11996022415469465
546,0.12956106967840875
547,0.20128355754089777
548,0.27720420368822085
549,0.13672007263764818
550,0.9250254268628745
551,0.10311893107702697
552,0.2663865357837073
553,0.011865314319529086
554,0.1128321693145512
555,0.26914783346821525
556,0.014390019562053602
557,-0.018117178766423492
558,0.5676935501550721
559,0.09907841624098668
560,0.2076601224596688
561,-0.0926286196942116
562,-0.10199816631842262
563,0.02042167366929798
564,0.1749444850252998
565,0.24023228293999932
566,0.29955027338386797
567,0.4854237914907844
568,0.1527056717960058
569,-0.019441923085799284
570,0.25089263282757146
571,-0.21096365014698526
572,0.036095682332693
573,-0.12419253088113907
574,-0.005251154245407952
575,0.007449139226496038
576,0.20865901352335192
577,0.003692806706034113
578,-0.006690015430998064
579,0.4111274477367479
580,0.3984854579665763
581,0.2148198980377919
582,0.1870354157807379
583,0.2188447566804942
584,0.0999426682932032
585,0.3017154864962551
586,0.34651504664013766
587,0.17221102216645756
588,0.22624025058260278
589,0.17868568183387956
590,-0.07231765406766583
591,0.06985437101065906
592,0.1888786499032743
593,0.20180615853560457
594,0.305729840885143
595,0.16019702981122463
596,-0.015261507392621443
597,0.29690224329242587
598,0.16046281357332837
599,0.6485811629888231
600,0.16941638076871202
601,0.8270209811403731
602,0.3336251324718156
603,0.10923372025081757
604,0.24118624740872274
605,0.2900250640985418
606,0.5580738493524903
607,-0.00886817544822005
608,0.2631270965623548
609,0.15642248822018268
610,0.7320498202199716
611,0.20975887030738505
612,0.11424979443502836
613,0.2187559091676896
614,0.40985204528096963
615,0.22343400342937225
616,-0.14822243188676198
617,0.17392939487359282
618,0.5527996227176853
619,0.07489109733878774
620,0.36952834998237416
621,0.1164385696402932
622,0.06943052702803665
623,0.16155064077042203
624,0.23696366164749183
625,0.43282593613883324
626,0.12898369458113945
627,0.24123559317500398
628,-0.04108478575207919
629,-0.11453832069340675
630,0.0939808646278576
631,-0.09541538180714809
632,0.06722648462495318
633,0.34732832162372773
634,0.013867858700797986
635,0.11365934746795159
636,0.1869334001430225
637,0.17999369494903406
638,0.03167539825002019
639,0.390021302086746
640,0.08835695546224898
641,0.19818722788378695
642,0.1856543580806692
643,0.3886425231144004
644,0.12067840289577403
645,0.17007176104709198
646,-0.06995643502121729
647,0.19224939287206055
648,0.2683949156740304
649,0.2987749518757047
650,0.15792626839751356
651,0.0524128279774741
652,0.45914931112830526
653,0.3948422653583862
654,0.01859476849260111
655,0.2447801060172462
656,0.06569309339451179
657,0.13105752126167292
658,0.28961204330911916
659,0.09441567610696888
660,0.06498296928772396
661,0.25261539466094385
662,0.05391111936989568
663,0.46506490124143707
664,0.7410937967638961
665,0.2315799263513506
666,0.291581797451675
667,0.16167787604134898
668,0.10152576643813382
669,0.12868034370759418
670,0.35457039856796846
671,0.1205469551234748
672,0.2292563941140221
673,0.22420585740309207
674,0.12230685103142902
675,-0.0652449558719474
676,0.19123996236392604
677,0.17787436558081204
678,0.26212499669861067
679,0.3401500263759809
680,0.45149022992173293
681,0.008130162988238487
682,0.21738339616527136
683,0.2253877636750642
684,0.2669207794575811
685,0.16141102987941336
686,0.6541315000721654
687,0.21417078046747384
688,0.07865995723289898
689,0.19426872713275734
690,0.20187311005536157
691,0.08916151530047833
692,0.013348352171225208
693,-0.042902626166985924
694,0.4914814798018171
695,0.2361762437177255
696,0.09333139820232561
697,0.21608186698914034
698,0.030220190814463088
699,-0.12739292356740173
700,0.8707293139221618
701,0.1814739897108787
702,0.15523995860142303
703,0.44288540888435146
704,-0.0056890985293164276
705,0.2029895620323906
706,0.16457347917211673
707,0.171091749785514
708,0.03439055275581271
709,0.8458518718998124
710,0.06487484264483612
711,0.2677437132995415
712,0.02081475993472487
713,0.21434411877249304
714,-0.034232809389897645
715,0.29612438133975316
716,0.5090211532743631
717,0.2699684303006482
718,-0.04175736455804041
719,-0.18698196528391842
720,0.12770177962339457
721,0.06752307817930936
722,0.23753639745568822
723,0.18476899682584758
724,0.25371609536957285
725,0.08448986795386992
726,0.10485976391688945
727,0.06278466042207687
728,0.9112831102013322
729,0.4534630492348636
730,0.5276901385966426
731,0.19227446681760618
732,-0.07215515272501855
733,-0.06549031861675847
734,-0.03551238012131286
735,0.24206173846039425
736,0.06589099063606463
737,0.20223826402386413
738,-0.0998552375758277
739,0.40181890141416376
740,0.05453903023023249
741,0.16265238304912633
742,0.19135428409224475
743,-0.11363620410270914
744,-0.13317367329265567
745,0.27817340368460397
746,0.4311223578014972
747,0.09481821831034642
748,0.15643125956683968
749,0.16149238423607448
750,0.19075415899681802
751,0.22457765875944036
752,0.3644538785407523
753,0.15419573040855405
754,0.36824495770869614
755,-0.03953102759219157
756,0.5118679454905857
757,-0.163161455212802
758,0.40049761353459534
759,0.10636715118767437
760,-0.08599577367728017
761,0.07888101377193313
762,0.17006620241591242
763,-0.05625496242701733
764,0.06819634261347407
765,0.047247741870025894
766,0.21183614636526438
767,0.11872787546842312
768,0.25035314569816935
769,0.2557492485841544
770,0.2086817956888518
771,-0.057294959869366946
772,-0.142019468744208
773,-0.04412391436147994
774,0.19424702184418674
775,0.15765741878612272
776,0.5267365049685803
777,0.26419734326530375
778,0.038478075899419095
779,0.24477851520634064
780,-0.16355432422466176
781,0.12402263744758268
782,-0.21328814068604743
783,0.05743611288502637
784,0.23609367316650276
785,0.026631049920885663
786,0.13625233267806414
787,0.716393082246307
788,0.19966169264490774
789,0.0308751818503864
790,0.19304661226080988
791,0.8313660120304757
792,0.05565992350343196
793,0.019192336297141788
794,0.35417185185370126
795,0.20846672107821163
796,0.34790857513653917
797,0.2241097702128868
798,-0.019865099348696236
799,0.37173548290324865
800,0.29294890646285643
801,0.09813909042429914
802,0.4175454110591741
803,0.1427634055594209
804,0.16930666265879812
805,0.10060655253358541
806,-0.02701652497801188
807,-0.13076803565710593
808,0.1699490982614289
809,0.05335376968320016
810,-0.048130042047979105
811,0.1422277130561359
812,0.18828516563331132
813,0.09538826622727059
814,0.17673135524654582
815,0.16614474328173334
816,0.18402347879478687
817,0.0725271560400339
818,0.6776104718675146
819,-0.013432712724983253
820,0.2448905760942407
821,-0.04457115515935256
822,-0.05577503714567289
823,0.16630631081345792
824,0.09415993243841914
825,-0.017230396535883652
826,-0.07149171908335261
827,0.18584088891382133
828,0.10798772001903223
829,0.09873026137587759
830,0.15380342849706674
831,-0.04571781458696755
832,-0.09600677850737349
833,0.06889745028320982
834,0.5995441292746945
835,0.20755846788893262
836,0.1273487794542899
837,0.11506245394723635
838,0.4518722019936827
839,0.14961811823726012
840,0.16597337037493642
841,0.14901907036124162
842,0.3938581489642248
843,0.353928188408678
844,0.31353391103151484
845,0.2600984430497969
846,-0.2107222482801545
847,0.13013893989436853
848,-0.011009063390152174
849,-0.007879738891077903
850,0.44489212928512567
851,0.22038787198841037
852,-0.056575234659970164
853,0.2449568400793517
854,0.10275756161676386
855,-0.01525827309350497
856,0.15650882541691324
857,0.47352381894850704
858,0.2477119024725195
859,0.21929407141931567
860,0.04813511854079622
861,0.12934472342624637
862,0.553129816176238
863,0.3605031842625711
864,-0.07344664390598976
865,0.1779609429916268
866,0.1111829827163534
867,0.7605516402764078
868,0.043169201091747045
869,0.26561007544887394
870,0.1333331699602437
871,-0.014538441584901418
872,0.08585609138685135
873,-0.08113603131485586
874,0.32354016686433895
875,0.5742164010866123
876,0.18123036023417471
877,-0.01849156049466477
878,0.036696840247433804
879,0.22311724786756137
880,0.11955615877645809
881,0.35602268331229137
882,-0.06710635896995604
883,0.36054997171770997
884,0.03408196047304857
885,0.5177711003785187
886,0.4439788156798743
887,-0.028136244314521885
888,0.1686233433952944
889,0.7710754746045442
890,0.4652113962710763
891,0.0330812308337291
892,1.0165286560816655
893,0.06396020097815747
894,0.18408994265855882
895,0.1530558964170563
896,0.06219031561311761
897,0.15131170636109192
898,0.052910427419193384
899,0.06981193190012447
900,0.04218285604762445
901,0.14118511630630104
902,-0.12669973803677126
903,0.08522428297584705
904,0.23175645162245317
905,0.19628903646142049
906,0.22935019674221901
907,0.07069894803675048
908,0.38204757788364885
909,0.29562021451347387
910,0.05388763278595915
911,0.2921073528819774
912,0.12504883636637887
913,0.15977663691056965
914,0.17194040671297206
915,0.11112219389068756
916,0.18093477499066468
917,-0.037691956616316524
918,0.6339460008100098
919,0.14140579251218754
920,-0.014176164950626069
921,0.12825143112897408
922,0.4615134477081776
923,-0.11665885026266454
924,-0.10308239563289501
925,0.9865420749178492
926,0.16897500216192785
927,0.1542087133702993
928,0.16879672214668962
929,0.1582608753549266
930,0.1275931095456918
931,0.258116937101055
932,0.06233493034540738
933,0.2601850213206187
934,0.40849209786373186
935,0.4663577938946949
936,0.8556066864782838
937,0.07834966287804723
938,0.9041142436773356
939,0.26521814225391593
940,-0.0013118968241908613
941,0.02794042553675513
942,0.1635913189330811
943,0.5267378562394598
944,0.39951016090747615
945,0.41039048984339255
946,0.13314763778877847
947,0.13133815850134611
948,0.05146441533981805
949,0.42486549279913244
950,0.21030440988380616
951,0.5207083054873157
952,0.033931786604360914
953,-0.047152391411270644
954,0.28265301208089944
955,0.09823827868052193
956,0.021883810236089374
957,0.7053599463383501
958,0.009980512638025074
959,-0.049955398592169964
960,0.011350413025894901
961,0.12488871993974482
962,0.03350332655246374
963,0.1706406792332371
964,0.5235082713207381
965,0.2895303878846389
966,0.19701535358044953
967,0.056397990400564035
968,0.3625069444772412
969,0.09653024929799614
970,-0.0035634105612617484
971,0.20918372753536763
972,0.24994751465485432
973,0.130595576042828
974,0.023164405064127036
975,0.30535011139503254
976,0.19046539818051533
977,0.8357364418865217
978,0.12175422885819254
979,0.5609358616821419
980,0.027794390246425715
981,0.4021915415222672
982,-0.016997324589412388
983,0.0029279100564769678
984,0.2691802422970301
985,0.27097125799760147
986,0.27762310439061944
987,0.12356724887906423
988,0.633464854904339
989,0.8243256242204072
990,-0.13812968261430303
991,0.09505642852680463
992,0.08577461256102115
993,-0.05463881147193217
994,0.023370460068643184
995,0.1327387926358946
996,0.21375176515425298
997,0.6027707890414934
998,0.08722837245617099
999,0.14143242199866635
1000,0.19548321124232237
1001,0.18460650617760022
1002,0.2536866653060814
1003,0.149537693441958
1004,0.2958254765562781
1005,0.3233545012040496
1006,0.07043336683645463
1007,-0.027031065999760573
1008,0.09104614899539176
1009,0.04850506515548847
1010,-0.032141691203619316
1011,0.09526708143099194
1012,-0.12600587448252443
1013,0.5734064365000361
1014,0.20356817918235126
1015,0.23122935404495581
1016,0.19935176805052113
1017,0.25971054630606927
1018,0.3359553806105515
1019,0.15138043137763468
1020,0.2729743529848593
1021,0.06879116474064217
1022,0.20051674924241059
1023,0.19647089041785404
1024,0.002005858786884307
1025,0.058319613686737715
1026,0.11163459696037847
1027,0.6751989597090559
1028,0.10351194454744694
1029,-0.010229803898711975
1030,0.10039740836137945
1031,0.12305170399486587
1032,0.15768956051894756
1033,0.9091923075901
1034,-0.003947883681603703
1035,0.22483751485394032
1036,0.21316550435416937
1037,-0.008468529828868698
1038,0.21175997927724133
1039,0.23547833316314648
1040,0.1911498795542308
1041,0.3275217279728271
1042,0.128859001954017
1043,1.0231356176297868
1044,0.002217009378843504
1045,-0.03069147034432368
1046,0.2848286001076915
1047,0.06003045929332107
1048,-0.1228929925499807
1049,0.37733980117952726
1050,0.04878315334189143
1051,0.602477710834452
1052,0.06032973259941388
1053,0.4731184673821983
1054,-0.08340216082762103
1055,-0.09989623883090903
1056,0.6921221681765234
1057,0.23687055170539073
1058,0.05710015909138605
1059,0.13997568375050784
1060,0.5680726114867632
1061,0.13158266502881233
1062,0.1281542835620284
1063,0.2628800713219609
1064,0.8391572159155521
1065,0.4693600391274727
1066,-0.0285022930717867
1067,0.07121371197194981
1068,0.05222872008344048
1069,0.14292136335258487
1070,0.12065081610768746
1071,0.3763522214882503
1072,-0.06470096982144863
1073,0.09240568774939895
1074,0.12568737601741942
1075,-0.054832277277781394
1076,0.14816445274157986
1077,0.02513435122379265
1078,0.3606714055762985
1079,0.0738431280599754
1080,0.17832859434145198
1081,-0.04895981483809536
1082,0.3783118228531831
1083,0.15930493478484065
1084,-0.16359346440161193
1085,0.30456812809225553
1086,0.07197528497076222
1087,0.20826063000258555
1088,0.29557856434938445
1089,0.2365416233519656
1090,0.1631694817423388
1091,0.285444281997988
1092,-0.013512241706655492
1093,0.11122385683172209
1094,0.32639166239322415
1095,-0.012548620415428702
1096,0.15978289889653097
1097,0.30569373657732524
1098,0.10975487850598376
1099,0.16388534128576437
1100,0.20051647049588806
1101,-0.16663589039795906
1102,-0.03630701636529016
1103,0.10907080873011787
1104,0.49046884967240967
1105,-0.06837810776513076
1106,0.041795105046462555
1107,0.09040445909599903
1108,0.05711595751806908
1109,-0.05240926157704623
1110,0.6781515359916696
1111,0.2528870696620089
1112,0.0604887767320067
1113,0.8185243758952087
1114,0.21110585582089303
1115,0.035559615239964315
1116,-0.025721971019270207
1117,0.12611955668602293
1118,0.11955061070434247
1119,0.048682775438700476
1120,0.18904348179456043
1121,0.10063324284335473
1122,0.010587613444869137
1123,0.24861378868588047
1124,-0.022493449437424817
1125,0.4710051860649329
1126,0.3305216955290675
1127,0.18424121770672797
1128,0.2638403458881843
1129,0.13259978762396318
1130,0.3013563728588208
1131,0.15131072592589756
1132,0.09343368180604472
1133,0.08186713947177238
1134,0.3033101018043588
1135,0.1717940775068061
1136,0.3238309032272496
1137,0.01935485304232165
1138,0.4975843008640616
1139,0.01058698613601361
1140,-0.011703108416078578
1141,0.16937186363072354
1142,0.151629944525421
1143,-0.0779377854440968
1144,0.1514145952071505
1145,0.2888240789115456
1146,-0.023382048529856758
1147,0.19054531526799212
1148,0.22455544014678486
1149,0.17727334978709697
1150,0.8169633149155427
1151,-0.10204293495750927
1152,0.21834187627627777
1153,0.018723752994046272
1154,0.08103454820769529
1155,0.07438607908403594
1156,0.5387915859703328
1157,0.4500032400256664
1158,-0.06904511891350923
1159,0.17438093177260627
1160,0.7376970496709695
1161,0.06252299334771261
1162,0.5977957059977993
1163,0.1883926576915531
1164,0.05482987587877641
1165,0.1624045533465236
1166,0.6236817283668695
1167,0.0859572012624249
1168,0.19866263474015544
1169,0.12272522019239918
1170,0.27625840820848024
1171,0.13553591790397057
1172,-0.007630836111120365
1173,-0.02038257019874523
1174,0.5172804430888244
1175,0.49104650586218546
1176,0.24164065057428585
1177,0.13082204018338373
1178,-0.1370615716696646
1179,0.18741289152838425
1180,0.17388653416323785
1181,0.8474601506819374
1182,0.1166188256497186
1183,1.0116168844678137
1184,0.7741279094456824
1185,0.18049606643299942
1186,0.1305057267824422
1187,0.2665665160369326
1188,0.25694846938236193
1189,0.060041324067303004
1190,0.16242191497869685
1191,-0.13724490270905343
1192,0.4288304006584691
1193,-0.05237683801642151
1194,0.1853196577800733
1195,0.7320107750226738
1196,-0.02445070124400378
1197,0.16153805778338437
1198,0.8114093990197458
1199,0.11682088836296323
1200,0.15871017850058655
1201,-0.11439212696622975
1202,0.2342426566400212
1203,0.5072238447363407
1204,0.154239637300305
1205,0.25614292019201024
1206,0.15138237524761855
1207,0.04775683258700547
1208,0.030774657174246378
1209,-0.09269466464715459
1210,0.2828478075772656
1211,0.33096057557501435
1212,0.06539827243439922
1213,-0.05305851237115977
1214,0.3001520831426513
1215,0.19138010364900815
1216,0.18417825416699862
1217,0.05932033295028588
1218,0.005588098917903572
1219,-0.02058452540958522
1220,0.8822725358012938
1221,0.4553538041007599
1222,0.10607672086691511
1223,0.11689521845967055
1224,-0.05689662770227133
1225,0.11191974213074773
1226,0.10109036384389591
1227,0.39441536445018965
1228,0.19012068167624874
1229,0.1813372124242022
1230,0.1597439482892603
1231,-0.0003792347965496101
1232,-0.048453055090836195
1233,0.12503093710812574
1234,0.678356621382424
1235,0.06393451994919264
1236,0.14382639762214822
1237,0.24261066252690666
1238,0.26571119325021264
1239,0.08906082859529174
1240,0.021214658589998492
1241,0.6308908691016867
1242,0.3053344726907564
1243,0.19153527685172944
1244,0.17939563669737013
1245,0.06103910401632617
1246,-0.004078313011706469
1247,0.09880178061706146
1248,0.35417348381066704
1249,0.21053081813333063
1250,0.17338509569818772
1251,0.24228034843130475
1252,0.15466540355104075
1253,-0.035843933338216394
1254,0.20983759702305016
1255,0.5619253630038087
1256,-0.10179509576208723
1257,-0.00508743553380514
1258,0.017997450955946126
1259,0.7787901017642355
1260,-0.06823727611599972
1261,0.143661393964031
1262,0.11793610636504581
1263,0.1498181853988213
1264,0.21874758835786023
1265,0.08743402503018916
1266,0.17013201652008525
1267,0.1454960021222641
1268,0.7783281300861787
1269,0.20059900762369653
1270,0.4284890641393424
1271,-0.14764935761591286
1272,0.2744835614640123
1273,0.4626676894874233
1274,0.21045347903644063
1275,0.1052937336414198
1276,0.15879969904456126
1277,0.3128900729946519
1278,0.13645260940881954
1279,-0.13766460873211117
1280,0.15583012234439264
1281,0.4017090020947589
1282,0.06010138468037762
1283,0.786761374318203
1284,0.19032340231848932
1285,0.08789405296738939
1286,0.09570811728810591
1287,0.09951082541190515
1288,-0.0592531709382893
1289,0.20324827621386476
1290,0.2931673693459441
1291,0.43691369127418034
1292,-0.04795872964988496
1293,0.12812693710087752
1294,0.3190675196793009
1295,0.22293569510544287
1296,0.18441740768994852
1297,0.3833162398604195
1298,0.07428095965747394
1299,0.15864506208634355
1300,0.012293914263558303
1301,0.17163879457315356
1302,0.15196850091179892
1303,0.3404495012883534
1304,0.27266946437339135
1305,0.12736148649576817
1306,0.2898328828054684
1307,0.07197024727119283
1308,0.03211894379722435
1309,-0.11719484118955714
1310,0.09041336055119398
1311,0.19987136241799286
1312,0.3109203876718999
1313,0.03982692683580563
1314,0.07890483778715585
1315,0.04614156448106549
1316,0.20238677911893987
1317,0.33943333489524197
1318,0.09706960249127927
1319,0.0865934715980674
1320,0.036322804581297996
1321,0.057687939965313295
1322,0.10340424324678033
1323,0.21462220704279023
1324,-0.0874415932966679
1325,0.21612582032771654
1326,0.17955474416781325
1327,0.22143804774725628
1328,0.27854374090220957
1329,0.358104097832438
1330,0.025427932579291046
1331,0.6605526520621586
1332,0.3256475182656551
1333,0.09221781365493142
1334,-0.1394530989539451
1335,0.8179028997878047
1336,0.20021444920755405
1337,-0.022737720957870355
1338,0.19213586751322376
1339,-0.11593608176592651
1340,0.15343085212498742
1341,0.07864442440583164
1342,0.14744492646726315
1343,1.0949306726109609
1344,0.005059955468131927
1345,0.16329813616107436
1346,0.5057014068770875
1347,0.11206509898128625
1348,0.2831254638814663
1349,0.023464859879020583
1350,0.7968249437780529
1351,0.23179915015213848
1352,0.3125837973001354
1353,0.1342890691452463
1354,0.21433921895217423
1355,0.3546853850651863
1356,0.09441389716792359
1357,0.18989892063407499
1358,0.7919127487089997
1359,0.34254929314172144
1360,0.3207231874407982
1361,0.2685933778833357
1362,0.04396511607306708
1363,0.1956256155977033
1364,0.36845721581868385
1365,0.22615469169862334
1366,0.23718073260134587
1367,0.38802656685243
1368,0.22931614179742943
1369,0.14091804040197353
1370,0.2367998259974231
1371,0.12303445211467579
1372,0.7266453147336681
1373,0.48034586725560824
1374,-0.13901986436068103
1375,0.1464301517672305
1376,0.6503898199429491
1377,0.31768924171770585
1378,0.05622363783781614
1379,0.06529234310581444
1380,0.24349390554545491
1381,0.2356944763163088
1382,0.14142577253529243
1383,-0.1650562099630727
1384,0.03360503997308234
1385,-0.011361415578315825
1386,0.09174655315706459
1387,0.07602995674708002
1388,0.014627418302887607
1389,0.25620070149190266
1390,0.19615208446517907
1391,-0.1162734345019566
1392,0.13369424219021908
1393,0.3575200335530192
1394,0.2602572157497227
1395,0.39623093761545924
1396,0.7470970098836419
1397,0.2286275190251853
1398,0.617040952241494
1399,-0.1006208585535841
1400,0.22264724852279205
1401,0.1352786774326582
1402,0.18995450231571964
1403,0.7726178069922135
1404,0.2794857658691765
1405,0.31066160000734766
1406,0.16534584186906354
1407,-0.0644990665154
1408,0.1232476198304977
1409,0.5768534480607729
1410,0.08343450484146031
1411,0.20988956317208185
1412,0.2393890073953474
1413,-0.041691436430675965
1414,-0.005042184455530729
1415,-0.06410323018480418
1416,0.17746629622208776
1417,0.27552806706071864
1418,0.13792343333181178
1419,0.007188427407416265
1420,0.48541726822212217
1421,0.23849397690330099
1422,0.036304470799967015
1423,0.31351250815240495
1424,0.7788131998825955
1425,0.36529327007856016
1426,-0.13719566227790614
1427,0.649468645987234
1428,-0.13660961691417095
1429,0.12878331718169822
1430,0.2800572361852117
1431,0.1446889709228384
1432,-0.3637319621290951
1433,-0.17667221804545996
1434,0.19258559784004525
1435,0.26789597158767575
1436,0.10802223666808364
1437,0.2346595507670648
1438,0.15185480535301576
1439,0.1768536419051343
1440,0.11543625817862979
1441,0.04264406705152801
1442,0.07395108563757158
1443,0.19134496749686003
1444,0.15661265480927955
1445,0.25181103472761335
1446,0.12185629046373703
1447,0.18109808426427798
1448,0.007473047550584033
1449,0.3870492546642542
1450,0.19455951555568685
1451,0.21349241567804478
1452,0.1962667525043318
1453,0.046095279721986515
1454,0.1993844259069406
1455,0.477842031841364
1456,0.14897562163504208
1457,0.20779365323632937
1458,0.18798914030951652
1459,0.14145301193223103
1460,0.18939701803379128
1461,-0.11422777046811605
1462,0.054380647710178476
1463,0.19155874190535438
1464,-0.0003597398920479056
1465,0.21136507469999433
1466,0.11076623721034218
1467,0.29676528434825034
1468,-0.07924815507424288
1469,0.21875570572079728
1470,0.034572432614363824
1471,0.3199656153462719
1472,0.12793667970449507
1473,0.2700965015297273
1474,0.18108422529932777
1475,0.15183470078720163
1476,0.17677264741732635
1477,-0.04577131551855834
1478,0.14248250112618766
1479,0.511418705759729
1480,0.20172331262517418
1481,0.07010151424019895
1482,0.19853995434591531
1483,0.08754791259593853
1484,-0.0557611760803538
1485,-0.13552877808010177
1486,0.055304103407526006
1487,0.18796492513615226
1488,0.12968597040372754
1489,0.1928017117263785
1490,0.2630972619412011
1491,0.13646119083207375
1492,0.2261480640275153
1493,0.45547837059551477
1494,0.27845083827278083
1495,-0.06711257703562445
1496,-0.01079332982334641
1497,0.08019095737541282
1498,0.3292094077326899
1499,-0.14321521304795842
1500,0.02725314746939711
1501,0.382792623830155
1502,0.33257456994290546
1503,-0.04949082232367075
1504,0.203110493731253
1505,-0.021134143753773704
1506,-0.0874915285399338
1507,0.062188291689088016
1508,0.09225070318736317
1509,0.3814202302225632
1510,0.27105956208254955
1511,0.2669149874621791
1512,0.03354330473155809
1513,0.21164189358075325
1514,0.1500107394131397
1515,0.15601758600765703
1516,0.029524661575579092
1517,0.058172879873313155
1518,0.5091089831285724
1519,-0.3693364725767575
1520,0.052666265109567345
1521,0.22554600556532833
1522,0.8801461683032873
1523,0.1519212641235712
1524,0.17406047609982156
1525,1.0491669246340871
1526,0.2258968654913438
1527,0.45651443250835544
1528,0.05626751752697634
1529,0.2858036836126846
1530,0.11566712782324251
1531,0.09929303126984379
1532,-0.0003068625394582192
1533,-0.0370636604470182
1534,0.31826256323660496
1535,0.1496850091827776
1536,0.45292233092496315
1537,0.20164773766427957
1538,0.6344518801774787
1539,0.2756858267283342
1540,0.0989128461641724
1541,0.8498479816266525
1542,0.31090932383121117
1543,0.24678720988125669
1544,0.20301122403633265
1545,0.26659338795764675
1546,0.40490772968700695
1547,0.25773659633176216
1548,0.3548300502305761
1549,-0.12532290601337814
1550,0.15920640912900652
1551,0.1301768477805315
1552,0.29314402309434606
1553,0.19128125046283107
1554,0.20526379446950094
1555,0.2893504482857111
1556,-0.013507701194317101
1557,0.22164824404916994
1558,0.15621862375266982
1559,0.1879395041557479
1560,0.4303335841899716
1561,0.20784520528051798
1562,0.41011634733969216
1563,0.42164165056129455
1564,0.22273335164268537
1565,-0.07043209310346887
1566,0.08465026197941372
1567,0.1016789732728468
1568,0.11058268173401253
1569,0.2589836321123178
1570,0.17994788179539467
1571,0.01797184197137247
1572,0.17864519032300796
1573,0.0954620154417255
1574,0.15087458000612852
1575,0.32599628023952043
1576,-0.025124500786760318
1577,0.19025040590350484
1578,-0.11977791092525858
1579,-0.18471992194990539
1580,0.06719553106802767
1581,0.26581433791998177
1582,0.22196950421370765
1583,0.25114066301106874
1584,0.07740893599992915
1585,0.017645595548620774
1586,0.2850404667679247
1587,0.14219090628920628
1588,0.17118925288654185
1589,-0.0031656925684530046
1590,0.1311043147052986
1591,0.08725977276644181
1592,0.14403695156439011
1593,0.2951437901077466
1594,0.1626699022327588
1595,0.12540982678102564
1596,0.10153472289574683
1597,0.29403379636099247
1598,0.1586371332977583
1599,-0.19250174082802024
1600,0.18062226130966985
1601,0.1429015855268111
1602,0.48467441383163223
1603,0.08680808739721757
1604,0.23529408518277106
1605,0.05062892502401534
1606,0.2038571529949984
1607,0.011378264174740194
1608,-0.012401234958515972
1609,0.3598552014323976
1610,-0.10820694123844204
1611,-0.06999170285611023
1612,0.1365147374209632
1613,0.2194569889469714
1614,-0.1870216515925704
1615,-0.1264730700729667
1616,0.02542018681406133
1617,0.29133921676091357
1618,0.09617848854419042
1619,0.6628777836876195
1620,-0.012118056529553334
1621,0.2264418537138131
1622,0.04027665359172283
1623,0.1607115818372602
1624,0.18911113525121814
1625,0.23469811912542426
1626,0.19585354833615498
1627,0.4657052261828917
1628,0.2585696114093148
1629,-0.05984474421861874
1630,-0.15828374952357077
1631,-0.18788493612374257
1632,0.46241666067298803
1633,0.17819932307683162
1634,0.09221394816306583
1635,0.11841732193008403
1636,0.06749362803072845
1637,0.054287006669649196
1638,-0.19481122986441746
1639,0.027655062865933333
1640,0.5639798034774189
1641,-0.03643958134569264
1642,0.2511366830043802
1643,0.476175622788517
1644,-0.11645348992860799
1645,0.1708055596902478
1646,0.17306481058204726
1647,0.07036115091001005
1648,0.16756089890103165
1649,-0.008696333589234106
1650,0.1499288164329622
1651,0.3213780905724771
1652,0.30264775154643353
1653,0.19935201523738622
1654,0.11938148552329886
1655,0.1324610074533269
1656,0.36130893568659916
1657,0.21625014523886432
1658,0.22538426085001073
1659,0.07822529359076913
1660,0.2489970711685937
1661,0.29957599062529916
1662,0.20420155917086824
1663,0.21911771249990042
1664,0.3666619113621341
1665,-0.1088646469425909
1666,0.5728177745026247
1667,0.18106590992922245
1668,0.0004617141030254235
1669,0.30002241267811514
1670,0.1312247773568186
1671,-0.025659787099831743
1672,0.5103164145697289
1673,0.14962991381765478
1674,0.04040054752112121
1675,0.21168927483103883
1676,0.43603495434207784
1677,-0.024290774667167447
1678,0.05000501069512525
1679,0.2575746085221847
1680,0.018232128673921266
1681,0.27952958414776397
1682,0.1411310147858279
1683,0.4606212188197282
1684,0.127687654207849
1685,0.7656258832246999
1686,0.19661705357232429
1687,0.046720281071126524
1688,0.1721227540956799
1689,0.7706326085164895
1690,0.12884073473173585
1691,0.21920987462281438
1692,-0.16559422795359752
1693,0.14959196931722474
1694,0.08844139402946671
1695,0.17986273792896423
1696,0.5256070622288759
1697,0.17128462130811917
1698,0.21403646474523708
1699,0.05796406296530743
1700,0.05832909265236391
1701,0.11669661582615853
1702,0.06435186340486887
1703,-0.1029024866534971
1704,0.05767519816838529
1705,0.1112458683387153
1706,0.11894648867506041
1707,0.1108938650165977
1708,0.30974285278734803
1709,0.11171644823987148
1710,0.25884724120253755
1711,0.12867195878949145
1712,0.16723397594853728
1713,0.20756783006537238
1714,0.3716095295550905
1715,0.19521238790752782
1716,0.0588535861631751
1717,-0.0029568011323802823
1718,-0.0010253087380657222
1719,0.15993672340931586
1720,0.16606734303590065
1721,0.20514881282857378
1722,0.23809367460582487
1723,0.14305989343641812
1724,0.030536224053809846
1725,0.0017957679850922337
1726,0.16106294115082287
1727,-0.08318696847225587
1728,0.07328687101480247
1729,0.25412150274276757
1730,0.4080452897697161
1731,0.12853043436122513
1732,-0.06474026289958729
1733,-0.08182933617166599
1734,0.22574547498941588
1735,-0.0462512546459668
1736,0.10879538262402355
1737,0.31689680254604957
1738,0.6350798163488279
1739,0.1237417043879735
1740,-0.060591710730913906
1741,0.629046757440456
1742,0.1796374099313489
1743,0.6824961572459892
1744,0.30609915792750186
1745,0.2485587407798585
1746,0.2155450786112797
1747,0.16729080426181642
1748,0.20442108770487433
1749,0.028383061569175472
1750,0.1021388678857218
1751,0.286775253647497
1752,0.0951688495499281
1753,0.23704651808829735
1754,0.12425448409277773
1755,0.05242911330137695
1756,0.13731787794802042
1757,-0.13554443451596576
1758,0.08612295529438352
1759,0.2193710590327015
1760,0.3889415003536313
1761,0.21812535346821904
1762,0.22731150565754887
1763,0.22768093236966047
1764,0.3589876030383633
1765,0.13212452779614947
1766,0.4452111315768379
1767,0.0259077991382905
1768,0.2997667515139847
1769,0.5769921492004552
1770,0.2767221329277455
1771,-0.03843850915889835
1772,0.24133597285389852
1773,0.25935670471407335
1774,0.21697048215728987
1775,0.5895417724537267
1776,0.2081095912787625
1777,-0.0794662425509467
1778,1.006881410862198
1779,-0.12787389291991363
1780,-0.0784960498122596
1781,0.5582506558562954
1782,0.5025659511672734
1783,-0.035552695583633886
1784,0.09415156226072696
1785,0.4892825520405861
1786,0.10361646154833715
1787,0.385264513452681
1788,-0.020905053303274412
1789,0.7109145362812096
1790,0.2148463491603051
1791,-0.07181485587172787
1792,0.19544662031684823
1793,0.18220486785629086
1794,-0.06803358028348894
1795,0.24876388532867943
1796,0.3221939543462514
1797,0.23233481452354543
1798,0.1354353482336621
1799,0.18409867506020827
1800,0.22519701598415143
1801,0.2005802895210156
1802,0.09944282297986584
1803,0.21961924119787646
1804,0.22763041445094268
1805,-0.03505037531252081
1806,0.21297940273858618
1807,0.13900771635175124
1808,0.2826242570868126
1809,0.11480195894796952
1810,-0.02855398239261614
1811,0.2671086255963353
1812,0.2519014831681128
1813,0.23000043947686066
1814,0.478065579742714
1815,0.37309924209772316
1816,0.20866638549876737
1817,0.21631174303378775
1818,-0.23233868253405857
1819,0.11469921509168335
1820,0.20510946095228133
1821,0.25448821675695343
1822,0.10315813863102463
1823,0.717788452979654
1824,0.05592230910020651
1825,0.11352637785418207
1826,0.2772798837794763
1827,0.44105786184812235
1828,0.16705771382589607
1829,0.2939454358571628
1830,0.4388977357943873
1831,0.21650506109647627
1832,0.12049991035417651
1833,0.028143658618468292
1834,0.056323334071359255
1835,0.12045394440021873
1836,0.14744464644887534
1837,0.2537705239779221
1838,0.21233571139809126
1839,0.12861214657231523
1840,0.20144168509021332
1841,-0.1345040685468457
1842,0.1785291915903
1843,0.565342827271461
1844,0.2495186870167504
1845,0.22042464193001576
1846,0.26536148539247895
1847,0.23873231187959276
1848,0.15207095874788668
1849,0.09908950507147185
1850,0.17260288233677545
1851,0.1285016078925697
1852,-0.030319021484859876
1853,0.23297154588772462
1854,0.13463667142467572
1855,0.19131979504053997
1856,0.11225952139678175
1857,0.027537114740986857
1858,0.11993514553524143
1859,0.10929004936448805
1860,0.07094070777732187
1861,0.1260396631175833
1862,0.2226119230499196
1863,0.16340484365767227
1864,0.10913419715658412
1865,0.09477783423885855
1866,0.11868219891375376
1867,0.08438862208089937
1868,0.03681981950310764
1869,0.3068793373609342
1870,0.1941444612915747
1871,0.239423422271844
1872,-0.02193724327260982
1873,0.4567660406112979
1874,0.15903481397229835
1875,0.4514154466560957
1876,-0.15565249042158424
1877,0.01227645749381756
1878,-0.06786176125345489
1879,0.09545757792191412
1880,-0.08225755350518421
1881,0.17835230223622678
1882,0.148222757950068
1883,0.00841377223609907
1884,0.22887819423820177
1885,-0.03974697064902266
1886,0.21626932592788894
1887,0.20850624604061607
1888,0.07963007650154019
1889,0.18028371078839467
1890,0.061859119034928134
1891,-0.07522359491634312
1892,0.15262642329922693
1893,0.7550147086009206
1894,-0.01880527892328021
1895,0.19151022252027616
1896,0.11304621259265668
1897,0.14551761616321646
1898,0.3748714526218109
1899,0.23823334642634442
1900,0.09998836923589782
1901,0.059621951720475574
1902,0.05791524953792887
1903,-0.017721451037206237
1904,0.1703138476488445
1905,0.19448574230567406
1906,-0.19874539157811258
1907,-0.025915541177791324
1908,0.0674638098975221
1909,0.0033176723220639803
1910,0.09334683975809932
1911,0.05666873398708078
1912,0.2937047502045832
1913,0.32588811356051994
1914,0.4280192879871011
1915,0.11464441630126687
1916,0.149279079939452
1917,0.06547603972554927
1918,0.21469259271643915
1919,-0.20524591944530074
1920,-0.13667402149107205
1921,0.17247298038603798
1922,0.06048722898340042
1923,0.33989137192605356
1924,0.015788436328660116
1925,0.04522104710705199
1926,0.0099777095096657
1927,0.20557165201140915
1928,-0.05189711523587082
1929,-0.05044496871588666
1930,0.45542591613009487
1931,0.16619027279337373
1932,0.11059477568426124
1933,0.2573548572926184
1934,0.5870567860576664
1935,0.16815181224076858
1936,0.38594013840487984
1937,0.21503971240559283
1938,0.45424353804739015
1939,0.4260256418687236
1940,0.09933408362967666
1941,0.27290396098782577
1942,0.3018863880335849
1943,0.19001129773091285
1944,0.029607318298040752
1945,0.09428987258348209
1946,0.05286824391132117
1947,0.19774179548633397
1948,0.13419173569300646
1949,0.22083624436014115
1950,0.03216661099024698
1951,0.2899909273708591
1952,0.1890543347647351
1953,0.12658315870456338
1954,0.31061203263229165
1955,-0.010337675379561095
1956,-0.18414347569202738
1957,0.0908628207129879
1958,0.10431744984495683
1959,0.19926299380677126
1960,0.5293195179515784
1961,0.0982889247409553
1962,0.2797608648867542
1963,0.596396866119223
1964,0.2825534998230309
1965,0.12555951539206311
1966,0.11997847731262445
1967,0.013523344406404736
1968,0.04143470492665341
1969,0.027036609440705073
1970,-0.021860506162467097
1971,-0.018140802051045013
1972,0.23985066503023844
1973,-0.03433709854411193
1974,0.1358227791556209
1975,0.3792671482309429
1976,0.28120316723490746
1977,0.059462566545015805
1978,0.03521097647522364
1979,0.13650220005578617
1980,0.19031828950159257
1981,0.04444401412047155
1982,-0.031526325910665065
1983,0.07514120902889465
1984,0.1500098898065848
1985,0.13478445222965352
1986,-0.003341444146096273
1987,0.17703958092903105
1988,-0.03768900835406219
1989,0.19330791867054553
1990,0.22561694347032413
1991,0.6677626118975101
1992,-0.18488334672631457
1993,0.05480815543666684
1994,0.5992290335476079
1995,0.2988437799927798
1996,0.508076354254009
1997,0.01065298789386332
1998,0.22770781804436435
1999,0.04463913936526065
